INSERT INTO csdl.student (MSV, Full_name, Date_of_birth, Gender, Address, Major, Day_admission, Role, Class, credit_has_learned)
VALUES
('MSV01', 'Hoang Thi Anh', '2002-03-10', 0, 'Ha Noi', 'Khoa Vien Thong', '2020-09-01', 1, 'B02VT1', 135),
 ('MSV02', 'Nguyen Van Binh', '2002-04-15', 1, 'Da Nang', 'Khoa Cong Nghe Thong Tin', '2020-09-01', 1, 'B02CNTT1', 135),
 ('MSV03', 'Tran Thi Mai', '2002-05-20', 0, 'Hai Phong', 'Khoa Ke Toan', '2020-09-01', 1, 'B02KT1', 135),
 ('MSV04', 'Le Van Tung', '2002-06-25', 1, 'Hue', 'Khoa Dien Tu', '2020-09-01', 1, 'B02DT1', 135),
 ('MSV05', 'Pham Van Hoa', '2002-07-30', 0, 'Can Tho', 'Khoa Vien Thong', '2020-09-01', 1, 'B02VT2', 130),
 ('MSV06', 'Vo Thi Huong', '2002-08-05', 0, 'Hai Duong', 'Khoa Cong Nghe Thong Tin', '2020-09-01', 1, 'B02CNTT2', 135),
 ('MSV07', 'Le Van Nam', '2002-09-10', 1, 'Quang Ninh', 'Khoa Ke Toan', '2020-09-01', 1, 'B02KT2', 133),
 ('MSV08', 'Nguyen Van An', '2002-10-15', 0, 'Hai Phong', 'Khoa Vien Thong', '2020-09-01', 1, 'B02VT3', 135),
 ('MSV09', 'Tran Van Thang', '2002-11-20', 1, 'Da Nang', 'Khoa Cong Nghe Thong Tin', '2020-09-01', 1, 'B02CNTT3', 132),
 ('MSV10', 'Hoang Van Hieu', '2002-12-25', 0, 'Ha Noi', 'Khoa Ke Toan', '2020-09-01', 1, 'B02KT3', 133),
 ('MSV11', 'Le Van Hanh', '2003-01-30', 0, 'Hue', 'Khoa Dien Tu', '2021-09-01', 1, 'B02DT2', 100),
 ('MSV12', 'Nguyen Van Hoan', '2003-02-05', 1, 'Can Tho', 'Khoa Vien Thong', '2021-09-01', 1, 'B02VT4', 99),
 ('MSV13', 'Pham Thi Hang', '2003-03-10', 0, 'Hai Duong', 'Khoa Cong Nghe Thong Tin', '2021-09-01', 1, 'B02CNTT4', 100),
 ('MSV14', 'Tran Van Phuc', '2003-04-15', 1, 'Quang Ninh', 'Khoa Ke Toan', '2021-09-01', 1, 'B02KT4', 95),
 ('MSV15', 'Le Thi Lan', '2003-05-20', 0, 'Hai Phong', 'Khoa Vien Thong', '2021-09-01', 1, 'B02VT5', 98),
 ('MSV16', 'Nguyen Van Trung', '2003-06-25', 1, 'Da Nang', 'Khoa Cong Nghe Thong Tin', '2021-09-01', 1, 'B02CNTT5', 10),
 ('MSV17', 'Hoang Van Truong', '2003-07-30', 0, 'Ha Noi', 'Khoa Ke Toan', '2021-09-01', 1, 'B02KT5', 100),
 ('MSV18', 'Tran Van Hieu', '2003-08-05', 0, 'Hue', 'Khoa Dien Tu', '2021-09-01', 1, 'B02DT3', 100),
 ('MSV19', 'Le Van Long', '2003-09-10', 1, 'Can Tho', 'Khoa Vien Thong', '2021-09-01', 1, 'B02VT6', 100),
 ('MSV20', 'Nguyen Van Thanh', '2003-10-15', 0, 'Hai Duong', 'Khoa Cong Nghe Thong Tin', '2021-09-01', 1, 'B02CNTT6', 98);
INSERT INTO csdl.lecturers  (MGV, Full_name, Gender, Major, Role, Teaching_subject, Seniority)
VALUES
('MGV1', 'V.T.T.Ha', 0, 'Internet', 2, 'Co so du lieu', 'Senior'),
('MGV2', 'N.D.Long', 1, 'Internet', 2, 'Internet va giao thuc', 'Associate'),
('MGV3', 'N.T.T.Nga', 0, 'Truyen dan', 2, 'Mang truyen thong quang', 'Senior'),
('MGV4', 'N.V.Dam', 1, 'Telecommunication', 1, 'Thong tin di dong', 'Associate'),
('MGV5', 'N.V.Cu', 1, 'Telecommunication', 1, 'Vo tuyen va mang di dong', 'Senior'),
('MGV6', 'N.T.Tra', 0, 'CNTT', 2, 'An toan mang thong tin', 'Professor'),
('MGV7', 'L.N.M.Trung', 1, 'CNTT', 2, 'Mang may tinh', 'Associate'),
('MGV8', 'T.V.Ha', 0, 'CNTT', 2, 'Tri tue nhan tao', 'Professor'),
('MGV9', 'H.N.Minh', 1, 'CNTT', 2, 'Phan tich va thiet ke he thong', 'Professor'),
('MGV10', 'L.V.Chi', 0, 'CNTT', 2, 'Lap trinh ung dung', 'Associate'),
('MGV11', 'N.T.K.Chi', 0, 'KNM', 2, 'PPLNCKH', 'Senior'),
('MGV12', 'P.V.Nhung', 0, 'DT', 2, 'Mang cam bien', 'Senior'),
('MGV13', 'P.V.Anh', 1, 'DT', 2, 'Lap trinh nhung', 'Senior'),
('MGV14', 'P.D.Binh', 1, 'DT', 2, 'He dieu hanh nhung', 'Senior'),
('MGV15', 'P.A.Binh', 1, 'DT', 2, 'Thiet bi ngoai vi', 'Senior'),
('MGV16', 'L.T.Nhu', 1, 'KT', 2, 'Ke toan may', 'Senior'),
('MGV17', 'P.T.Hong', 1, 'KT', 2, 'Kiem toan tai chinh', 'Senior'),
('MGV18', 'N.T.Nhung', 1, 'KT', 2, 'Thuong mai dien tu', 'Senior');

INSERT INTO csdl.subject  (MS, Name_of_subject, Number_of_credits, Major, semester, Prerequisite, Number_of_student)
VALUES
('TEL001', 'Co so du lieu', 3, 'Internet', 5,'Cong nghe phan mem',75),
('TEL002', 'Internet và các giao thức', 3, 'Internet', 5,'Mang truyen thong',75),
('TEL003', 'Mạng truyền thông quang', 3, 'Telecommunication', 5, 'Ky thuat thong tin quang',75),
('TEL004', 'Thong tin di dong', 3, 'Telecommunication', 5,'Anten', 75),
('TEL005', 'Vo tuyen va mang di dong', 2, 'Telecommunication', 5, 'None', 75),
('INT001', 'An toan mang thong tin', 3, 'Security', 5, 'Mang truyen thong', 70),
('INT002', 'Mang may tinh', 2, 'Internet', 5, 'None',70),
('INT003', 'Tri tue nhan tao', 3, 'He thong', 5, 'Lap trinh python', 70),
('INT004', 'Phan tich va thiet ke he thong', 3, 'Phan mem', 4, 'None',70),
('INT005', 'Lap trinh ung dung', 3, 'Phan mem', 3, 'None', 70),
('ELE001', 'Mang cam bien', 3, 'Dien tu', 3, 'Mang truyen thong', 72),
('ELE002', 'Lap trinh nhung', 3, 'Dien tu', 3, 'None', 72),
('ELE003', 'He dieu hanh nhung', 3, 'Dien tu', 3, 'Lap trinh C++', 72),
('ELE004', 'Thiet bi ngoai vi', 3, 'Dien tu', 3, 'None', 72),
('FIA001', 'Ke toan may', 3, 'Ke toan', 3, 'None', 65),
('FIA002', 'Kiem toan tai chinh', 3, 'Ke toan', 3, 'Quan tri doanh nghiep', 65),
('FIA003', 'Thuong mai dien tu', 3, 'Ke toan', 3, 'None', 65),
('KNM001', 'PPLNCKH', 3, 'Ky nang mem', 3, 'None', 80);

INSERT INTO csdl.subject_studied  (student_id, subject_id)
VALUES
  ('MSV01', 'TEL001'),
  ('MSV01', 'TEL002'),
  ('MSV01', 'TEL004'),
  ('MSV02', 'TEL003'),
  ('MSV02', 'TEL004'),
  ('MSV02', 'TEL005'),
  ('MSV03', 'TEL001'),
  ('MSV03', 'TEL002'),
  ('MSV03', 'TEL004'),
  ('MSV04', 'TEL001'),
  ('MSV04', 'TEL002'),
  ('MSV04', 'TEL003'),
  ('MSV05', 'TEL001'),
  ('MSV05', 'TEL002'),
  ('MSV05', 'TEL005'),
  ('MSV06', 'TEL001'),
  ('MSV06', 'TEL002'),
  ('MSV06', 'TEL004'),
  ('MSV07', 'TEL001'),
  ('MSV07', 'TEL002'),
  ('MSV07', 'TEL003'),
  ('MSV08', 'INT001'),
  ('MSV08', 'INT002'),
  ('MSV08', 'INT004'),
  ('MSV09', 'INT003'),
  ('MSV09', 'INT004'),
  ('MSV09', 'INT005'),
  ('MSV10', 'INT001'),
  ('MSV10', 'INT002'),
  ('MSV10', 'INT003'),
  ('MSV11', 'INT001'),
  ('MSV11', 'INT003'),
  ('MSV11', 'INT004'),
  ('MSV12', 'INT002'),
  ('MSV12', 'INT003'),
  ('MSV12', 'INT004'),
  ('MSV13', 'ELE001'),
  ('MSV13', 'ELE002'),
  ('MSV13', 'ELE004'),
  ('MSV14', 'ELE003'),
  ('MSV14', 'ELE004'),
  ('MSV14', 'ELE001'),
  ('MSV15', 'ELE001'),
  ('MSV15', 'ELE002'),
  ('MSV15', 'ELE004'),
  ('MSV16', 'ELE003'),
  ('MSV16', 'ELE004'),
  ('MSV16', 'ELE002'),
  ('MSV17', 'ELE001'),
  ('MSV17', 'ELE002'),
  ('MSV17', 'ELE004'),
  ('MSV18', 'FIA001'),
  ('MSV18', 'FIA002'),
  ('MSV18', 'FIA003'),
  ('MSV19', 'FIA001'),
  ('MSV19', 'FIA002'),
  ('MSV19', 'FIA003'),
  ('MSV20', 'KNM001'),
  ('MSV20', 'FIA002'),
  ('MSV20', 'FIA003');

INSERT INTO csdl.register (Student_ID, Subject_ID)
VALUES
('MSV01', 'TEL001'),
  ('MSV01', 'TEL002'),
  ('MSV01', 'TEL004'),
  ('MSV02', 'TEL003'),
  ('MSV02', 'TEL004'),
  ('MSV02', 'TEL005'),
  ('MSV03', 'TEL001'),
  ('MSV03', 'TEL002'),
  ('MSV03', 'TEL004'),
  ('MSV04', 'TEL001'),
  ('MSV04', 'TEL002'),
  ('MSV04', 'TEL003'),
  ('MSV05', 'TEL001'),
  ('MSV05', 'TEL002'),
  ('MSV05', 'TEL005'),
  ('MSV06', 'TEL001'),
  ('MSV06', 'TEL002'),
  ('MSV06', 'TEL004'),
  ('MSV07', 'TEL001'),
  ('MSV07', 'TEL002'),
  ('MSV07', 'TEL003'),
  ('MSV08', 'INT001'),
  ('MSV08', 'INT002'),
  ('MSV08', 'INT004'),
  ('MSV09', 'INT003'),
  ('MSV09', 'INT004'),
  ('MSV09', 'INT005'),
  ('MSV10', 'INT001'),
  ('MSV10', 'INT002'),
  ('MSV10', 'INT003'),
  ('MSV11', 'INT001'),
  ('MSV11', 'INT003'),
  ('MSV11', 'INT004'),
  ('MSV12', 'INT002'),
  ('MSV12', 'INT003'),
  ('MSV12', 'INT004'),
  ('MSV13', 'ELE001'),
  ('MSV13', 'ELE002'),
  ('MSV13', 'ELE004'),
  ('MSV14', 'ELE003'),
  ('MSV14', 'ELE004'),
  ('MSV14', 'ELE001'),
  ('MSV15', 'ELE001'),
  ('MSV15', 'ELE002'),
  ('MSV15', 'ELE004'),
  ('MSV16', 'ELE003'),
  ('MSV16', 'ELE004'),
  ('MSV16', 'ELE002'),
  ('MSV17', 'ELE001'),
  ('MSV17', 'ELE002'),
  ('MSV17', 'ELE004'),
  ('MSV18', 'FIA001'),
  ('MSV18', 'FIA002'),
  ('MSV18', 'FIA003'),
  ('MSV19', 'FIA001'),
  ('MSV19', 'FIA002'),
  ('MSV19', 'FIA003'),
  ('MSV20', 'KNM001'),
  ('MSV20', 'FIA002'),
  ('MSV20', 'FIA003');

INSERT INTO csdl.phone_numbers_student (student_id, phone_number)
VALUES
  ('MSV01', '0974031022'),
  ('MSV02', '0975036025'),
  ('MSV03', '0901112233'),
  ('MSV04', '0902345678'),
  ('MSV05', '0915556666'),
  ('MSV06', '0917778888'),
  ('MSV07', '0929990000'),
  ('MSV08', '0941111222'),
  ('MSV09', '0943333444'),
  ('MSV10', '0945555666'),
  ('MSV11', '0967777888'),
  ('MSV12', '0969999000'),
  ('MSV13', '0971111222'),
  ('MSV14', '0973333444'),
  ('MSV15', '0975555666'),
  ('MSV16', '0977777888'),
  ('MSV17', '0979999000'),
  ('MSV18', '0981111222'),
  ('MSV19', '0983333444'),
  ('MSV20', '0985555666');

  INSERT INTO csdl.emails_student (student_id, email_address)
VALUES
  ('MSV01', 'msv01@stu.ptit.edu.vn'),
  ('MSV02', 'msv02@stu.ptit.edu.vn'),
  ('MSV03', 'msv03@stu.ptit.edu.vn'),
  ('MSV04', 'msv04@stu.ptit.edu.vn'),
  ('MSV05', 'msv05@stu.ptit.edu.vn'),
  ('MSV06', 'msv06@stu.ptit.edu.vn'),
  ('MSV07', 'msv07@stu.ptit.edu.vn'),
  ('MSV08', 'msv08@stu.ptit.edu.vn'),
  ('MSV09', 'msv09@stu.ptit.edu.vn'),
  ('MSV10', 'msv10@stu.ptit.edu.vn'),
  ('MSV11', 'msv11@stu.ptit.edu.vn'),
  ('MSV12', 'msv12@stu.ptit.edu.vn'),
  ('MSV13', 'msv13@stu.ptit.edu.vn'),
  ('MSV14', 'msv14@stu.ptit.edu.vn'),
  ('MSV15', 'msv15@stu.ptit.edu.vn'),
  ('MSV16', 'msv16@stu.ptit.edu.vn'),
  ('MSV17', 'msv17@stu.ptit.edu.vn'),
  ('MSV18', 'msv18@stu.ptit.edu.vn'),
  ('MSV19', 'msv19@stu.ptit.edu.vn'),
  ('MSV20', 'msv20@stu.ptit.edu.vn');


  INSERT INTO csdl.phone_numbers_lecturers (lecturers_id, phone_number)
VALUES
  ('MGV1', '0915054369'),
  ('MGV2', '0987335421'),
  ('MGV3', '0953226734'),
  ('MGV4', '0946553630'),
  ('MGV5', '0982950357'),
  ('MGV6', '0975435730'),
  ('MGV7', '0937865247'),
  ('MGV8', '0912345678'),
  ('MGV9', '0987654321'),
  ('MGV10', '0976543210'),
  ('MGV11', '0943210765'),
  ('MGV12', '0932107654'),
  ('MGV13', '0954321098'),
  ('MGV14', '0965432109'),
  ('MGV15', '0923456789'),
  ('MGV16', '0998765432'),
  ('MGV17', '0909876543'),
  ('MGV18', '0943567890');

  INSERT INTO csdl.emails_lecturers (lecturers_id, email_address)
VALUES
  ('MGV1', 'hamgv1@ptit.edu.vn'),
  ('MGV2', 'longmgv2@ptit.edu.vn'),
  ('MGV3', 'ngamgv3@ptit.edu.vn'),
  ('MGV4', 'dammgv4@ptit.edu.vn'),
  ('MGV5', 'cumgv5@ptit.edu.vn'),
  ('MGV6', 'tramgv6t@ptit.edu.vn'),
  ('MGV7', 'trungmgv7@ptit.edu.vn'),
  ('MGV8', 'hamgv8@ptit.edu.vn'),
  ('MGV9', 'minhmgv9@ptit.edu.vn'),
  ('MGV10', 'chimgv10@ptit.edu.vn'),
  ('MGV11', 'chimgv11@ptit.edu.vn'),
  ('MGV12', 'nhungmgv12@ptit.edu.vn'),
  ('MGV13', 'anhmgv13@ptit.edu.vn'),
  ('MGV14', 'binhmgv14@ptit.edu.vn'),
  ('MGV15', 'binhmgv15@ptit.edu.vn'),
  ('MGV16', 'nhumgv16@ptit.edu.vn'),
  ('MGV17', 'hongmgv17@ptit.edu.vn'),
  ('MGV18', 'nhungmgv18@ptit.edu.vn');

  INSERT INTO csdl.manage (Lecturers_ID, Subject_ID)
VALUES
  ('MGV1', 'TEL001'),
  ('MGV2', 'TEL002'),
  ('MGV3', 'TEL003'),
  ('MGV4', 'TEL004'),
  ('MGV5', 'TEL005'),
  ('MGV6', 'INT001'),
  ('MGV7', 'INT002'),
  ('MGV8', 'INT003'),
  ('MGV9', 'INT004'),
  ('MGV10', 'INT005'),
  ('MGV11', 'ELE001'),
  ('MGV12', 'ELE002'),
  ('MGV13', 'ELE003'),
  ('MGV14', 'ELE004'),
  ('MGV15', 'FIA001'),
  ('MGV16', 'FIA002'),
  ('MGV17', 'FIA003'),
  ('MGV18', 'KNM001');

